<?xml version="1.0" encoding="UTF-8"?>
<project-private xmlns="http://www.netbeans.org/ns/project-private/1">
    <editor-bookmarks xmlns="http://www.netbeans.org/ns/editor-bookmarks/2" lastBookmarkId="0"/>
    <open-files xmlns="http://www.netbeans.org/ns/projectui-open-files/2">
        <group>
            <file>file:/C:/Users/Ricky%20Hr/Documents/NetBeansProjects/konversi%20suhu/src/konversi/fahrenheit.java</file>
            <file>file:/C:/Users/Ricky%20Hr/Documents/NetBeansProjects/konversi%20suhu/src/konversi/calvin.java</file>
            <file>file:/C:/Users/Ricky%20Hr/Documents/NetBeansProjects/konversi%20suhu/src/konversi/frame.java</file>
            <file>file:/C:/Users/Ricky%20Hr/Documents/NetBeansProjects/konversi%20suhu/src/konversi/calcius.java</file>
        </group>
    </open-files>
</project-private>
